-- NavImpact Database Migration Script
-- Generated: 2025-07-25T16:06:41.281303
-- This script will recreate all data in a new database


-- Table: alembic_version
-- Rows: 1
INSERT INTO alembic_version (version_num) VALUES ('04099c36d06e');

-- End of table alembic_version

-- Table: grants
-- Rows: 3
INSERT INTO grants (id, title, description, source, deadline, status, created_at, updated_at, created_by_id, source_url, application_url, contact_email, min_amount, max_amount, open_date, industry_focus, location_eligibility, org_type_eligible, funding_purpose, audience_tags, notes) VALUES (1, 'Screen Australia Documentary Production', 'Funding for documentary production by Australian practitioners. Supports creative development, production, and post-production.', 'Screen Australia', '2024-12-31T00:00:00', 'active', '2025-07-13T17:58:44.821428', '2025-07-13T17:59:10.245931', NULL, 'https://www.screenaustralia.gov.au/funding-and-support/documentary', NULL, 'funding@screenaustralia.gov.au', 50000.00, 500000.00, NULL, 'media', NULL, [], [], [], NULL);
INSERT INTO grants (id, title, description, source, deadline, status, created_at, updated_at, created_by_id, source_url, application_url, contact_email, min_amount, max_amount, open_date, industry_focus, location_eligibility, org_type_eligible, funding_purpose, audience_tags, notes) VALUES (2, 'Creative Australia Arts Projects for Organisations', 'Support for arts organisations to deliver projects that benefit the arts sector and wider public.', 'Creative Australia', '2025-09-02T00:00:00', 'active', '2025-07-13T17:58:44.821428', '2025-07-13T17:59:10.245931', NULL, 'https://creative.gov.au/investment-and-development/arts-projects-for-organisations', NULL, 'arts@creative.gov.au', 10000.00, 50000.00, NULL, 'creative_arts', NULL, [], [], [], NULL);
INSERT INTO grants (id, title, description, source, deadline, status, created_at, updated_at, created_by_id, source_url, application_url, contact_email, min_amount, max_amount, open_date, industry_focus, location_eligibility, org_type_eligible, funding_purpose, audience_tags, notes) VALUES (3, 'NSW Quick Response Funding', 'Fast-track funding for time-sensitive creative projects and opportunities that align with NSW cultural priorities.', 'Create NSW', '2024-06-30T00:00:00', 'active', '2025-07-13T17:58:44.821428', '2025-07-13T17:59:10.245931', NULL, 'https://www.create.nsw.gov.au/funding-and-support/quick-response', NULL, 'quickresponse@create.nsw.gov.au', 5000.00, 25000.00, NULL, 'creative_arts', NULL, [], [], [], NULL);

-- End of table grants

-- Table: industry_news
-- Rows: 15
INSERT INTO industry_news (id, sector, title, summary, url, url_hash, source, platform, platform_icon, relevance_score, published_at, created_at) VALUES (6, 'technology', 'Australian Government Announces $50M AI Innovation Fund', 'New funding initiative to support AI startups and research institutions across Australia, focusing on ethical AI development and commercialisation.', 'https://www.innovation.gov.au/news/ai-innovation-fund-2025', '1090f83aaf8b432c3226f575c9d697e3', 'Department of Industry, Science and Resources', 'website', 'globe', 0.95, '2025-07-22T20:59:22.599416+10:00', '2025-07-24T20:58:08.832435+10:00');
INSERT INTO industry_news (id, sector, title, summary, url, url_hash, source, platform, platform_icon, relevance_score, published_at, created_at) VALUES (7, 'technology', 'Sydney Tech Hub Receives Major Funding Boost', 'NSW Government invests $25M in expanding Sydney''s tech ecosystem, with new co-working spaces and mentorship programs for startups.', 'https://twitter.com/nswgov/status/1234567890', '056ab6ec8e6ed31c0edba1e8df359e1b', 'NSW Government', 'twitter', 'twitter', 0.82, '2025-07-19T20:59:22.599416+10:00', '2025-07-24T20:58:08.832435+10:00');
INSERT INTO industry_news (id, sector, title, summary, url, url_hash, source, platform, platform_icon, relevance_score, published_at, created_at) VALUES (8, 'technology', 'Quantum Computing Research Grant Opens Applications', 'Australian Research Council announces $15M funding round for quantum computing research projects, deadline March 2025.', 'https://www.arc.gov.au/funding/quantum-computing-grants', 'fd6f41f0b3ba42d16e948a4167ca98de', 'Australian Research Council', 'website', 'globe', 0.88, '2025-07-23T20:59:22.599416+10:00', '2025-07-24T20:58:08.832435+10:00');
INSERT INTO industry_news (id, sector, title, summary, url, url_hash, source, platform, platform_icon, relevance_score, published_at, created_at) VALUES (9, 'creative-arts', 'Screen Australia Opens Documentary Development Fund', 'New $12M fund supporting Australian documentary filmmakers, with focus on diverse voices and innovative storytelling approaches.', 'https://www.screenaustralia.gov.au/funding/documentary-development', '31969d42b773265dc6b9ac64d86ab45b', 'Screen Australia', 'website', 'globe', 0.93, '2025-07-21T20:59:22.599416+10:00', '2025-07-24T20:58:08.832435+10:00');
INSERT INTO industry_news (id, sector, title, summary, url, url_hash, source, platform, platform_icon, relevance_score, published_at, created_at) VALUES (10, 'creative-arts', 'Creative Australia Announces Regional Arts Funding', 'Multi-year $30M investment in regional creative communities, supporting local artists and cultural infrastructure development.', 'https://www.linkedin.com/posts/creative-australia-funding-update', '609ae03ee28e5752c5a73936cdeac1d0', 'Creative Australia', 'linkedin', 'linkedin', 0.87, '2025-07-17T20:59:22.599416+10:00', '2025-07-24T20:58:08.832435+10:00');
INSERT INTO industry_news (id, sector, title, summary, url, url_hash, source, platform, platform_icon, relevance_score, published_at, created_at) VALUES (11, 'creative-arts', 'Indigenous Storytelling Grant Program Expanded', 'Additional $8M allocated to support Indigenous creators in film, digital media, and interactive storytelling projects.', 'https://www.facebook.com/ScreenAustralia/posts/indigenous-storytelling-grants', '2fa3f725caed2b9d58a6984e018ef2a9', 'Screen Australia', 'facebook', 'facebook', 0.91, '2025-07-20T20:59:22.599416+10:00', '2025-07-24T20:58:08.832435+10:00');
INSERT INTO industry_news (id, sector, title, summary, url, url_hash, source, platform, platform_icon, relevance_score, published_at, created_at) VALUES (12, 'health', 'Medical Research Future Fund Opens New Applications', 'MRFF announces $100M funding round for health innovation projects, including digital health and AI-assisted diagnostics.', 'https://www.health.gov.au/mrff/funding-opportunities', '3a817af94c1dfb968191db73ce00200c', 'Department of Health and Aged Care', 'website', 'globe', 0.94, '2025-07-23T20:59:22.599416+10:00', '2025-07-24T20:58:08.832435+10:00');
INSERT INTO industry_news (id, sector, title, summary, url, url_hash, source, platform, platform_icon, relevance_score, published_at, created_at) VALUES (13, 'health', 'Mental Health Innovation Challenge Launched', 'Cross-sector initiative offering $20M for innovative mental health solutions, targeting youth and rural communities.', 'https://twitter.com/healthgov/status/mental-health-innovation', '5f5c924f1cb579e383eb10980907a20d', 'Mental Health Commission', 'twitter', 'twitter', 0.89, '2025-07-18T20:59:22.599416+10:00', '2025-07-24T20:58:08.832435+10:00');
INSERT INTO industry_news (id, sector, title, summary, url, url_hash, source, platform, platform_icon, relevance_score, published_at, created_at) VALUES (14, 'environment', 'Clean Energy Innovation Fund Second Round Opens', 'CEIF announces $75M for clean energy startups and renewable technology projects, with fast-track assessment process.', 'https://www.cleanenergyregulator.gov.au/ceif-round-2', 'c91e1a48ceebcf40dff21b18be82e08d', 'Clean Energy Regulator', 'website', 'globe', 0.92, '2025-07-21T20:59:22.599416+10:00', '2025-07-24T20:58:08.832435+10:00');
INSERT INTO industry_news (id, sector, title, summary, url, url_hash, source, platform, platform_icon, relevance_score, published_at, created_at) VALUES (15, 'environment', 'Biodiversity Conservation Grants Now Available', 'Environment Department launches $40M program supporting ecosystem restoration and endangered species protection projects.', 'https://www.linkedin.com/posts/environment-gov-au-biodiversity-grants', '6a1b97799cdf69b799f13000531d841b', 'Department of Climate Change, Energy, Environment and Water', 'linkedin', 'linkedin', 0.86, '2025-07-16T20:59:22.599416+10:00', '2025-07-24T20:58:08.832435+10:00');
INSERT INTO industry_news (id, sector, title, summary, url, url_hash, source, platform, platform_icon, relevance_score, published_at, created_at) VALUES (16, 'education', 'EdTech Innovation Grants Open for Applications', 'Education Department offers $35M for educational technology solutions, focusing on accessibility and remote learning.', 'https://www.education.gov.au/edtech-innovation-grants', '5400deafd3ff1fe49b7ef351e8147464', 'Department of Education', 'website', 'globe', 0.83, '2025-07-19T20:59:22.599416+10:00', '2025-07-24T20:58:08.832435+10:00');
INSERT INTO industry_news (id, sector, title, summary, url, url_hash, source, platform, platform_icon, relevance_score, published_at, created_at) VALUES (17, 'education', 'University Research Commercialisation Fund Expanded', 'Additional $60M allocated to help universities commercialise research discoveries and create industry partnerships.', 'https://twitter.com/education_gov/status/university-research-funding', 'ee31f46834458daa2db361aa08102bb4', 'Department of Education', 'twitter', 'twitter', 0.88, '2025-07-20T20:59:22.599416+10:00', '2025-07-24T20:58:08.832435+10:00');
INSERT INTO industry_news (id, sector, title, summary, url, url_hash, source, platform, platform_icon, relevance_score, published_at, created_at) VALUES (18, 'agriculture', 'AgTech Development Program Launches Third Round', 'DAFF announces $28M for agricultural technology innovations, including precision farming and sustainable practices.', 'https://www.agriculture.gov.au/agtech-development-program', 'e184b2dcab4bae140389ebdec9549493', 'Department of Agriculture, Fisheries and Forestry', 'website', 'globe', 0.85, '2025-07-22T20:59:22.599416+10:00', '2025-07-24T20:58:08.832435+10:00');
INSERT INTO industry_news (id, sector, title, summary, url, url_hash, source, platform, platform_icon, relevance_score, published_at, created_at) VALUES (19, 'manufacturing', 'Modern Manufacturing Initiative Opens New Stream', 'Industry Department launches $90M funding for advanced manufacturing projects, focusing on Industry 4.0 technologies.', 'https://www.industry.gov.au/modern-manufacturing-initiative', 'd2b56c5a78738eeeb2361d3a8e4408d0', 'Department of Industry, Science and Resources', 'website', 'globe', 0.90, '2025-07-23T20:59:22.599416+10:00', '2025-07-24T20:58:08.832435+10:00');
INSERT INTO industry_news (id, sector, title, summary, url, url_hash, source, platform, platform_icon, relevance_score, published_at, created_at) VALUES (20, 'social-services', 'Community Development Grants Program Expanded', 'DSS increases funding to $45M for community-led initiatives addressing social inclusion and disadvantage.', 'https://www.dss.gov.au/community-development-grants', '31e1316efc1349eb63d9220f6df81b35', 'Department of Social Services', 'website', 'globe', 0.81, '2025-07-18T20:59:22.599416+10:00', '2025-07-24T20:58:08.832435+10:00');

-- End of table industry_news

-- Table: projects
-- Rows: 35
INSERT INTO projects (id, name, description, status, start_date, end_date, created_at, updated_at, owner_id, outcome_text, impact_statement, impact_types, sdg_tags, evidence_sources) VALUES (1, 'Digital Innovation Project', 'Developing innovative digital solutions', 'active', NULL, NULL, '2025-07-23T15:52:42.077514', '2025-07-23T15:52:42.077514', 1, NULL, NULL, NULL, NULL, NULL);
INSERT INTO projects (id, name, description, status, start_date, end_date, created_at, updated_at, owner_id, outcome_text, impact_statement, impact_types, sdg_tags, evidence_sources) VALUES (2, 'Community Health Initiative', 'Supporting community health programs', 'active', NULL, NULL, '2025-07-23T15:52:42.077514', '2025-07-23T15:52:42.077514', 1, NULL, NULL, NULL, NULL, NULL);
INSERT INTO projects (id, name, description, status, start_date, end_date, created_at, updated_at, owner_id, outcome_text, impact_statement, impact_types, sdg_tags, evidence_sources) VALUES (3, 'Environmental Research', 'Research on environmental sustainability', 'planning', NULL, NULL, '2025-07-23T15:52:42.077514', '2025-07-23T15:52:42.077514', 1, NULL, NULL, NULL, NULL, NULL);
INSERT INTO projects (id, name, description, status, start_date, end_date, created_at, updated_at, owner_id, outcome_text, impact_statement, impact_types, sdg_tags, evidence_sources) VALUES (4, 'Digital Innovation Project', 'Developing innovative digital solutions', 'active', NULL, NULL, '2025-07-23T15:53:00.377256', '2025-07-23T15:53:00.377256', 1, NULL, NULL, NULL, NULL, NULL);
INSERT INTO projects (id, name, description, status, start_date, end_date, created_at, updated_at, owner_id, outcome_text, impact_statement, impact_types, sdg_tags, evidence_sources) VALUES (5, 'Community Health Initiative', 'Supporting community health programs', 'active', NULL, NULL, '2025-07-23T15:53:00.377256', '2025-07-23T15:53:00.377256', 1, NULL, NULL, NULL, NULL, NULL);
INSERT INTO projects (id, name, description, status, start_date, end_date, created_at, updated_at, owner_id, outcome_text, impact_statement, impact_types, sdg_tags, evidence_sources) VALUES (6, 'Environmental Research', 'Research on environmental sustainability', 'planning', NULL, NULL, '2025-07-23T15:53:00.377256', '2025-07-23T15:53:00.377256', 1, NULL, NULL, NULL, NULL, NULL);
INSERT INTO projects (id, name, description, status, start_date, end_date, created_at, updated_at, owner_id, outcome_text, impact_statement, impact_types, sdg_tags, evidence_sources) VALUES (7, 'Digital Innovation Project', 'Developing innovative digital solutions', 'active', NULL, NULL, '2025-07-23T15:53:19.429651', '2025-07-23T15:53:19.429651', 1, NULL, NULL, NULL, NULL, NULL);
INSERT INTO projects (id, name, description, status, start_date, end_date, created_at, updated_at, owner_id, outcome_text, impact_statement, impact_types, sdg_tags, evidence_sources) VALUES (8, 'Community Health Initiative', 'Supporting community health programs', 'active', NULL, NULL, '2025-07-23T15:53:19.429651', '2025-07-23T15:53:19.429651', 1, NULL, NULL, NULL, NULL, NULL);
INSERT INTO projects (id, name, description, status, start_date, end_date, created_at, updated_at, owner_id, outcome_text, impact_statement, impact_types, sdg_tags, evidence_sources) VALUES (9, 'Environmental Research', 'Research on environmental sustainability', 'planning', NULL, NULL, '2025-07-23T15:53:19.429651', '2025-07-23T15:53:19.429651', 1, NULL, NULL, NULL, NULL, NULL);
INSERT INTO projects (id, name, description, status, start_date, end_date, created_at, updated_at, owner_id, outcome_text, impact_statement, impact_types, sdg_tags, evidence_sources) VALUES (10, 'Digital Innovation Project', 'Developing innovative digital solutions', 'active', NULL, NULL, '2025-07-23T15:53:38.682225', '2025-07-23T15:53:38.682225', 1, NULL, NULL, NULL, NULL, NULL);
INSERT INTO projects (id, name, description, status, start_date, end_date, created_at, updated_at, owner_id, outcome_text, impact_statement, impact_types, sdg_tags, evidence_sources) VALUES (11, 'Community Health Initiative', 'Supporting community health programs', 'active', NULL, NULL, '2025-07-23T15:53:38.682225', '2025-07-23T15:53:38.682225', 1, NULL, NULL, NULL, NULL, NULL);
INSERT INTO projects (id, name, description, status, start_date, end_date, created_at, updated_at, owner_id, outcome_text, impact_statement, impact_types, sdg_tags, evidence_sources) VALUES (12, 'Environmental Research', 'Research on environmental sustainability', 'planning', NULL, NULL, '2025-07-23T15:53:38.682225', '2025-07-23T15:53:38.682225', 1, NULL, NULL, NULL, NULL, NULL);
INSERT INTO projects (id, name, description, status, start_date, end_date, created_at, updated_at, owner_id, outcome_text, impact_statement, impact_types, sdg_tags, evidence_sources) VALUES (13, 'Digital Innovation Project', 'Developing innovative digital solutions', 'active', NULL, NULL, '2025-07-23T15:53:53.434660', '2025-07-23T15:53:53.434660', 1, NULL, NULL, NULL, NULL, NULL);
INSERT INTO projects (id, name, description, status, start_date, end_date, created_at, updated_at, owner_id, outcome_text, impact_statement, impact_types, sdg_tags, evidence_sources) VALUES (14, 'Community Health Initiative', 'Supporting community health programs', 'active', NULL, NULL, '2025-07-23T15:53:53.434660', '2025-07-23T15:53:53.434660', 1, NULL, NULL, NULL, NULL, NULL);
INSERT INTO projects (id, name, description, status, start_date, end_date, created_at, updated_at, owner_id, outcome_text, impact_statement, impact_types, sdg_tags, evidence_sources) VALUES (15, 'Environmental Research', 'Research on environmental sustainability', 'planning', NULL, NULL, '2025-07-23T15:53:53.434660', '2025-07-23T15:53:53.434660', 1, NULL, NULL, NULL, NULL, NULL);
INSERT INTO projects (id, name, description, status, start_date, end_date, created_at, updated_at, owner_id, outcome_text, impact_statement, impact_types, sdg_tags, evidence_sources) VALUES (16, 'Digital Innovation Project', 'Developing innovative digital solutions', 'active', NULL, NULL, '2025-07-23T15:54:11.948034', '2025-07-23T15:54:11.948034', 1, NULL, NULL, NULL, NULL, NULL);
INSERT INTO projects (id, name, description, status, start_date, end_date, created_at, updated_at, owner_id, outcome_text, impact_statement, impact_types, sdg_tags, evidence_sources) VALUES (17, 'Community Health Initiative', 'Supporting community health programs', 'active', NULL, NULL, '2025-07-23T15:54:11.948034', '2025-07-23T15:54:11.948034', 1, NULL, NULL, NULL, NULL, NULL);
INSERT INTO projects (id, name, description, status, start_date, end_date, created_at, updated_at, owner_id, outcome_text, impact_statement, impact_types, sdg_tags, evidence_sources) VALUES (18, 'Environmental Research', 'Research on environmental sustainability', 'planning', NULL, NULL, '2025-07-23T15:54:11.948034', '2025-07-23T15:54:11.948034', 1, NULL, NULL, NULL, NULL, NULL);
INSERT INTO projects (id, name, description, status, start_date, end_date, created_at, updated_at, owner_id, outcome_text, impact_statement, impact_types, sdg_tags, evidence_sources) VALUES (19, 'Digital Innovation Project', 'Developing innovative digital solutions', 'active', NULL, NULL, '2025-07-23T15:54:28.178705', '2025-07-23T15:54:28.178705', 1, NULL, NULL, NULL, NULL, NULL);
INSERT INTO projects (id, name, description, status, start_date, end_date, created_at, updated_at, owner_id, outcome_text, impact_statement, impact_types, sdg_tags, evidence_sources) VALUES (20, 'Community Health Initiative', 'Supporting community health programs', 'active', NULL, NULL, '2025-07-23T15:54:28.178705', '2025-07-23T15:54:28.178705', 1, NULL, NULL, NULL, NULL, NULL);
INSERT INTO projects (id, name, description, status, start_date, end_date, created_at, updated_at, owner_id, outcome_text, impact_statement, impact_types, sdg_tags, evidence_sources) VALUES (21, 'Environmental Research', 'Research on environmental sustainability', 'planning', NULL, NULL, '2025-07-23T15:54:28.178705', '2025-07-23T15:54:28.178705', 1, NULL, NULL, NULL, NULL, NULL);
INSERT INTO projects (id, name, description, status, start_date, end_date, created_at, updated_at, owner_id, outcome_text, impact_statement, impact_types, sdg_tags, evidence_sources) VALUES (22, 'Digital Innovation Project', 'Developing innovative digital solutions', 'active', NULL, NULL, '2025-07-23T15:54:59.930805', '2025-07-23T15:54:59.930805', 1, NULL, NULL, NULL, NULL, NULL);
INSERT INTO projects (id, name, description, status, start_date, end_date, created_at, updated_at, owner_id, outcome_text, impact_statement, impact_types, sdg_tags, evidence_sources) VALUES (23, 'Community Health Initiative', 'Supporting community health programs', 'active', NULL, NULL, '2025-07-23T15:54:59.930805', '2025-07-23T15:54:59.930805', 1, NULL, NULL, NULL, NULL, NULL);
INSERT INTO projects (id, name, description, status, start_date, end_date, created_at, updated_at, owner_id, outcome_text, impact_statement, impact_types, sdg_tags, evidence_sources) VALUES (24, 'Environmental Research', 'Research on environmental sustainability', 'planning', NULL, NULL, '2025-07-23T15:54:59.930805', '2025-07-23T15:54:59.930805', 1, NULL, NULL, NULL, NULL, NULL);
INSERT INTO projects (id, name, description, status, start_date, end_date, created_at, updated_at, owner_id, outcome_text, impact_statement, impact_types, sdg_tags, evidence_sources) VALUES (25, 'Digital Innovation Project', 'Developing innovative digital solutions', 'active', NULL, NULL, '2025-07-23T15:55:23.128666', '2025-07-23T15:55:23.128666', 1, NULL, NULL, NULL, NULL, NULL);
INSERT INTO projects (id, name, description, status, start_date, end_date, created_at, updated_at, owner_id, outcome_text, impact_statement, impact_types, sdg_tags, evidence_sources) VALUES (26, 'Community Health Initiative', 'Supporting community health programs', 'active', NULL, NULL, '2025-07-23T15:55:23.128666', '2025-07-23T15:55:23.128666', 1, NULL, NULL, NULL, NULL, NULL);
INSERT INTO projects (id, name, description, status, start_date, end_date, created_at, updated_at, owner_id, outcome_text, impact_statement, impact_types, sdg_tags, evidence_sources) VALUES (27, 'Environmental Research', 'Research on environmental sustainability', 'planning', NULL, NULL, '2025-07-23T15:55:23.128666', '2025-07-23T15:55:23.128666', 1, NULL, NULL, NULL, NULL, NULL);
INSERT INTO projects (id, name, description, status, start_date, end_date, created_at, updated_at, owner_id, outcome_text, impact_statement, impact_types, sdg_tags, evidence_sources) VALUES (28, 'Digital Innovation Project', 'Developing innovative digital solutions', 'active', NULL, NULL, '2025-07-23T15:56:47.632908', '2025-07-23T15:56:47.632908', 1, NULL, NULL, NULL, NULL, NULL);
INSERT INTO projects (id, name, description, status, start_date, end_date, created_at, updated_at, owner_id, outcome_text, impact_statement, impact_types, sdg_tags, evidence_sources) VALUES (29, 'Community Health Initiative', 'Supporting community health programs', 'active', NULL, NULL, '2025-07-23T15:56:47.632908', '2025-07-23T15:56:47.632908', 1, NULL, NULL, NULL, NULL, NULL);
INSERT INTO projects (id, name, description, status, start_date, end_date, created_at, updated_at, owner_id, outcome_text, impact_statement, impact_types, sdg_tags, evidence_sources) VALUES (30, 'Environmental Research', 'Research on environmental sustainability', 'planning', NULL, NULL, '2025-07-23T15:56:47.632908', '2025-07-23T15:56:47.632908', 1, NULL, NULL, NULL, NULL, NULL);
INSERT INTO projects (id, name, description, status, start_date, end_date, created_at, updated_at, owner_id, outcome_text, impact_statement, impact_types, sdg_tags, evidence_sources) VALUES (57, 'Digital Media Innovation Project', 'Developing innovative digital media solutions for community engagement', 'active', '2025-06-23T16:06:08.825916', '2025-10-21T16:06:08.825950', '2025-07-23T16:06:08.825987', '2025-07-23T16:06:08.825988', 1, NULL, NULL, NULL, NULL, NULL);
INSERT INTO projects (id, name, description, status, start_date, end_date, created_at, updated_at, owner_id, outcome_text, impact_statement, impact_types, sdg_tags, evidence_sources) VALUES (58, 'Youth Mental Health Initiative', 'Community-based mental health support program for young people', 'active', '2025-07-08T16:06:08.825958', '2025-11-20T16:06:08.825961', '2025-07-23T16:06:08.850550', '2025-07-23T16:06:08.850551', 1, NULL, NULL, NULL, NULL, NULL);
INSERT INTO projects (id, name, description, status, start_date, end_date, created_at, updated_at, owner_id, outcome_text, impact_statement, impact_types, sdg_tags, evidence_sources) VALUES (59, 'Renewable Energy Research', 'Research and development of sustainable energy solutions', 'planning', '2025-08-22T16:06:08.825965', '2026-01-19T16:06:08.825969', '2025-07-23T16:06:08.851554', '2025-07-23T16:06:08.851556', 1, NULL, NULL, NULL, NULL, NULL);
INSERT INTO projects (id, name, description, status, start_date, end_date, created_at, updated_at, owner_id, outcome_text, impact_statement, impact_types, sdg_tags, evidence_sources) VALUES (60, 'Indigenous Cultural Preservation', 'Preserving and promoting Indigenous cultural heritage through digital platforms', 'active', '2025-06-08T16:06:08.825973', '2025-09-21T16:06:08.825976', '2025-07-23T16:06:08.852435', '2025-07-23T16:06:08.852436', 1, NULL, NULL, NULL, NULL, NULL);
INSERT INTO projects (id, name, description, status, start_date, end_date, created_at, updated_at, owner_id, outcome_text, impact_statement, impact_types, sdg_tags, evidence_sources) VALUES (61, 'Sustainable Agriculture Program', 'Supporting farmers to adopt sustainable practices and reduce environmental impact', 'completed', '2025-03-25T16:06:08.825979', '2025-06-23T16:06:08.825982', '2025-07-23T16:06:08.853318', '2025-07-23T16:06:08.853319', 1, NULL, NULL, NULL, NULL, NULL);

-- End of table projects

-- Table: tasks
-- Rows: 19
INSERT INTO tasks (id, title, description, status, priority, estimated_hours, actual_hours, due_date, completed_at, created_at, updated_at, project_id, creator_id, assignee_id, attachments) VALUES (5, 'Project Planning', 'Develop project plan', 'COMPLETED', 'HIGH', NULL, 8, NULL, NULL, '2025-07-23T15:54:28.184618', '2025-07-23T15:54:28.184618', 1, 1, 1, NULL);
INSERT INTO tasks (id, title, description, status, priority, estimated_hours, actual_hours, due_date, completed_at, created_at, updated_at, project_id, creator_id, assignee_id, attachments) VALUES (6, 'Team Setup', 'Assemble project team', 'IN_PROGRESS', 'HIGH', NULL, 4, NULL, NULL, '2025-07-23T15:54:28.184618', '2025-07-23T15:54:28.184618', 1, 1, 1, NULL);
INSERT INTO tasks (id, title, description, status, priority, estimated_hours, actual_hours, due_date, completed_at, created_at, updated_at, project_id, creator_id, assignee_id, attachments) VALUES (7, 'Research Phase', 'Conduct initial research', 'PENDING', 'MEDIUM', NULL, 4, NULL, NULL, '2025-07-23T15:54:28.184618', '2025-07-23T15:54:28.184618', 1, 1, 1, NULL);
INSERT INTO tasks (id, title, description, status, priority, estimated_hours, actual_hours, due_date, completed_at, created_at, updated_at, project_id, creator_id, assignee_id, attachments) VALUES (8, 'Stakeholder Meeting', 'Meet with stakeholders', 'PENDING', 'MEDIUM', NULL, 4, NULL, NULL, '2025-07-23T15:54:28.184618', '2025-07-23T15:54:28.184618', 1, 1, 1, NULL);
INSERT INTO tasks (id, title, description, status, priority, estimated_hours, actual_hours, due_date, completed_at, created_at, updated_at, project_id, creator_id, assignee_id, attachments) VALUES (9, 'Project Planning', 'Develop project plan', 'COMPLETED', 'HIGH', NULL, 8, NULL, NULL, '2025-07-23T15:54:59.938786', '2025-07-23T15:54:59.938786', 1, 1, 1, NULL);
INSERT INTO tasks (id, title, description, status, priority, estimated_hours, actual_hours, due_date, completed_at, created_at, updated_at, project_id, creator_id, assignee_id, attachments) VALUES (10, 'Team Setup', 'Assemble project team', 'IN_PROGRESS', 'HIGH', NULL, 4, NULL, NULL, '2025-07-23T15:54:59.938786', '2025-07-23T15:54:59.938786', 1, 1, 1, NULL);
INSERT INTO tasks (id, title, description, status, priority, estimated_hours, actual_hours, due_date, completed_at, created_at, updated_at, project_id, creator_id, assignee_id, attachments) VALUES (11, 'Research Phase', 'Conduct initial research', 'PENDING', 'MEDIUM', NULL, 4, NULL, NULL, '2025-07-23T15:54:59.938786', '2025-07-23T15:54:59.938786', 1, 1, 1, NULL);
INSERT INTO tasks (id, title, description, status, priority, estimated_hours, actual_hours, due_date, completed_at, created_at, updated_at, project_id, creator_id, assignee_id, attachments) VALUES (12, 'Stakeholder Meeting', 'Meet with stakeholders', 'PENDING', 'MEDIUM', NULL, 4, NULL, NULL, '2025-07-23T15:54:59.938786', '2025-07-23T15:54:59.938786', 1, 1, 1, NULL);
INSERT INTO tasks (id, title, description, status, priority, estimated_hours, actual_hours, due_date, completed_at, created_at, updated_at, project_id, creator_id, assignee_id, attachments) VALUES (13, 'Project Planning', 'Develop project plan', 'COMPLETED', 'HIGH', NULL, 8, NULL, NULL, '2025-07-23T15:55:23.135762', '2025-07-23T15:55:23.135762', 1, 1, 1, NULL);
INSERT INTO tasks (id, title, description, status, priority, estimated_hours, actual_hours, due_date, completed_at, created_at, updated_at, project_id, creator_id, assignee_id, attachments) VALUES (14, 'Team Setup', 'Assemble project team', 'IN_PROGRESS', 'HIGH', NULL, 4, NULL, NULL, '2025-07-23T15:55:23.135762', '2025-07-23T15:55:23.135762', 1, 1, 1, NULL);
INSERT INTO tasks (id, title, description, status, priority, estimated_hours, actual_hours, due_date, completed_at, created_at, updated_at, project_id, creator_id, assignee_id, attachments) VALUES (15, 'Research Phase', 'Conduct initial research', 'PENDING', 'MEDIUM', NULL, 4, NULL, NULL, '2025-07-23T15:55:23.135762', '2025-07-23T15:55:23.135762', 1, 1, 1, NULL);
INSERT INTO tasks (id, title, description, status, priority, estimated_hours, actual_hours, due_date, completed_at, created_at, updated_at, project_id, creator_id, assignee_id, attachments) VALUES (16, 'Stakeholder Meeting', 'Meet with stakeholders', 'PENDING', 'MEDIUM', NULL, 4, NULL, NULL, '2025-07-23T15:55:23.135762', '2025-07-23T15:55:23.135762', 1, 1, 1, NULL);
INSERT INTO tasks (id, title, description, status, priority, estimated_hours, actual_hours, due_date, completed_at, created_at, updated_at, project_id, creator_id, assignee_id, attachments) VALUES (17, 'Project Planning', 'Develop project plan', 'COMPLETED', 'HIGH', NULL, 8, NULL, NULL, '2025-07-23T15:56:47.637897', '2025-07-23T15:56:47.637897', 1, 1, 1, NULL);
INSERT INTO tasks (id, title, description, status, priority, estimated_hours, actual_hours, due_date, completed_at, created_at, updated_at, project_id, creator_id, assignee_id, attachments) VALUES (18, 'Team Setup', 'Assemble project team', 'IN_PROGRESS', 'HIGH', NULL, 4, NULL, NULL, '2025-07-23T15:56:47.637897', '2025-07-23T15:56:47.637897', 1, 1, 1, NULL);
INSERT INTO tasks (id, title, description, status, priority, estimated_hours, actual_hours, due_date, completed_at, created_at, updated_at, project_id, creator_id, assignee_id, attachments) VALUES (19, 'Research Phase', 'Conduct initial research', 'PENDING', 'MEDIUM', NULL, 4, NULL, NULL, '2025-07-23T15:56:47.637897', '2025-07-23T15:56:47.637897', 1, 1, 1, NULL);
INSERT INTO tasks (id, title, description, status, priority, estimated_hours, actual_hours, due_date, completed_at, created_at, updated_at, project_id, creator_id, assignee_id, attachments) VALUES (20, 'Stakeholder Meeting', 'Meet with stakeholders', 'PENDING', 'MEDIUM', NULL, 4, NULL, NULL, '2025-07-23T15:56:47.637897', '2025-07-23T15:56:47.637897', 1, 1, 1, NULL);
INSERT INTO tasks (id, title, description, status, priority, estimated_hours, actual_hours, due_date, completed_at, created_at, updated_at, project_id, creator_id, assignee_id, attachments) VALUES (30, 'Final Report', 'Complete final project report and documentation', 'COMPLETED', 'HIGH', NULL, 0, '2025-07-18T16:06:08.854075', NULL, '2025-07-23T16:06:08.854091', '2025-07-23T16:06:08.854092', 61, 1, 1, NULL);
INSERT INTO tasks (id, title, description, status, priority, estimated_hours, actual_hours, due_date, completed_at, created_at, updated_at, project_id, creator_id, assignee_id, attachments) VALUES (31, 'Project Evaluation', 'Evaluate project outcomes and lessons learned', 'COMPLETED', 'MEDIUM', NULL, 0, '2025-07-13T16:06:08.854085', NULL, '2025-07-23T16:06:08.856147', '2025-07-23T16:06:08.856153', 61, 1, 1, NULL);
INSERT INTO tasks (id, title, description, status, priority, estimated_hours, actual_hours, due_date, completed_at, created_at, updated_at, project_id, creator_id, assignee_id, attachments) VALUES (32, 'Stakeholder Feedback', 'Collect and analyze stakeholder feedback', 'COMPLETED', 'MEDIUM', NULL, 0, '2025-07-08T16:06:08.854087', NULL, '2025-07-23T16:06:08.856933', '2025-07-23T16:06:08.856938', 61, 1, 1, NULL);

-- End of table tasks

-- Table: time_entries
-- Rows: 25
INSERT INTO time_entries (id, duration_minutes, description, started_at, ended_at, created_at, task_id, user_id) VALUES (2, 465, 'General project work - Day 1', '2025-07-17T07:55:23.139712', '2025-07-17T15:40:23.139712', '2025-07-23T15:55:23.139378', 5, 1);
INSERT INTO time_entries (id, duration_minutes, description, started_at, ended_at, created_at, task_id, user_id) VALUES (3, 330, 'General project work - Day 2', '2025-07-22T10:55:23.147702', '2025-07-22T16:25:23.147702', '2025-07-23T15:55:23.139378', 5, 1);
INSERT INTO time_entries (id, duration_minutes, description, started_at, ended_at, created_at, task_id, user_id) VALUES (4, 178, 'General project work - Day 3', '2025-07-17T12:55:23.148758', '2025-07-17T15:53:23.148758', '2025-07-23T15:55:23.139378', 5, 1);
INSERT INTO time_entries (id, duration_minutes, description, started_at, ended_at, created_at, task_id, user_id) VALUES (5, 357, 'General project work - Day 4', '2025-07-22T15:55:23.149387', '2025-07-22T21:52:23.149387', '2025-07-23T15:55:23.139378', 5, 1);
INSERT INTO time_entries (id, duration_minutes, description, started_at, ended_at, created_at, task_id, user_id) VALUES (6, 358, 'General project work - Day 5', '2025-07-18T11:55:23.149934', '2025-07-18T17:53:23.149934', '2025-07-23T15:55:23.139378', 5, 1);
INSERT INTO time_entries (id, duration_minutes, description, started_at, ended_at, created_at, task_id, user_id) VALUES (7, 338, 'General project work - Day 1', '2025-07-20T08:56:47.641858', '2025-07-20T14:34:47.641858', '2025-07-23T15:56:47.641482', 5, 1);
INSERT INTO time_entries (id, duration_minutes, description, started_at, ended_at, created_at, task_id, user_id) VALUES (8, 335, 'General project work - Day 2', '2025-07-18T15:56:47.642689', '2025-07-18T21:31:47.642689', '2025-07-23T15:56:47.641482', 5, 1);
INSERT INTO time_entries (id, duration_minutes, description, started_at, ended_at, created_at, task_id, user_id) VALUES (9, 471, 'General project work - Day 3', '2025-07-19T11:56:47.643058', '2025-07-19T19:47:47.643058', '2025-07-23T15:56:47.641482', 5, 1);
INSERT INTO time_entries (id, duration_minutes, description, started_at, ended_at, created_at, task_id, user_id) VALUES (10, 274, 'General project work - Day 4', '2025-07-19T13:56:47.643393', '2025-07-19T18:30:47.643393', '2025-07-23T15:56:47.641482', 5, 1);
INSERT INTO time_entries (id, duration_minutes, description, started_at, ended_at, created_at, task_id, user_id) VALUES (11, 164, 'General project work - Day 5', '2025-07-18T15:56:47.643723', '2025-07-18T18:40:47.643723', '2025-07-23T15:56:47.641482', 5, 1);
INSERT INTO time_entries (id, duration_minutes, description, started_at, ended_at, created_at, task_id, user_id) VALUES (38, 180, 'Work on Stakeholder Feedback - Day 1', '2025-07-02T16:06:08.854087', '2025-07-02T19:06:08.854087', '2025-07-23T16:06:08.858041', 32, 1);
INSERT INTO time_entries (id, duration_minutes, description, started_at, ended_at, created_at, task_id, user_id) VALUES (39, 360, 'Work on Stakeholder Feedback - Day 2', '2025-07-07T16:06:08.854087', '2025-07-07T22:06:08.854087', '2025-07-23T16:06:08.859940', 32, 1);
INSERT INTO time_entries (id, duration_minutes, description, started_at, ended_at, created_at, task_id, user_id) VALUES (40, 480, 'Work on Stakeholder Feedback - Day 3', '2025-07-06T16:06:08.854087', '2025-07-07T00:06:08.854087', '2025-07-23T16:06:08.860759', 32, 1);
INSERT INTO time_entries (id, duration_minutes, description, started_at, ended_at, created_at, task_id, user_id) VALUES (41, 420, 'Work on Stakeholder Feedback - Day 4', '2025-06-30T16:06:08.854087', '2025-06-30T23:06:08.854087', '2025-07-23T16:06:08.862100', 32, 1);
INSERT INTO time_entries (id, duration_minutes, description, started_at, ended_at, created_at, task_id, user_id) VALUES (42, 480, 'Work on Stakeholder Feedback - Day 5', '2025-07-06T16:06:08.854087', '2025-07-07T00:06:08.854087', '2025-07-23T16:06:08.862897', 32, 1);
INSERT INTO time_entries (id, duration_minutes, description, started_at, ended_at, created_at, task_id, user_id) VALUES (43, 480, 'General project work - Day 1', '2025-07-20T16:06:08.864644', '2025-07-21T00:06:08.864644', '2025-07-23T16:06:08.864679', 11, 1);
INSERT INTO time_entries (id, duration_minutes, description, started_at, ended_at, created_at, task_id, user_id) VALUES (44, 240, 'General project work - Day 2', '2025-07-11T16:06:08.867600', '2025-07-11T20:06:08.867600', '2025-07-23T16:06:08.867634', 13, 1);
INSERT INTO time_entries (id, duration_minutes, description, started_at, ended_at, created_at, task_id, user_id) VALUES (45, 420, 'General project work - Day 3', '2025-07-20T16:06:08.868938', '2025-07-20T23:06:08.868938', '2025-07-23T16:06:08.868963', 31, 1);
INSERT INTO time_entries (id, duration_minutes, description, started_at, ended_at, created_at, task_id, user_id) VALUES (46, 300, 'General project work - Day 4', '2025-07-23T16:06:08.870128', '2025-07-23T21:06:08.870128', '2025-07-23T16:06:08.870150', 7, 1);
INSERT INTO time_entries (id, duration_minutes, description, started_at, ended_at, created_at, task_id, user_id) VALUES (47, 360, 'General project work - Day 5', '2025-07-23T16:06:08.871089', '2025-07-23T22:06:08.871089', '2025-07-23T16:06:08.871113', 15, 1);
INSERT INTO time_entries (id, duration_minutes, description, started_at, ended_at, created_at, task_id, user_id) VALUES (48, 360, 'General project work - Day 6', '2025-07-09T16:06:08.872096', '2025-07-09T22:06:08.872096', '2025-07-23T16:06:08.872114', 9, 1);
INSERT INTO time_entries (id, duration_minutes, description, started_at, ended_at, created_at, task_id, user_id) VALUES (49, 120, 'General project work - Day 7', '2025-07-11T16:06:08.873004', '2025-07-11T18:06:08.873004', '2025-07-23T16:06:08.873026', 9, 1);
INSERT INTO time_entries (id, duration_minutes, description, started_at, ended_at, created_at, task_id, user_id) VALUES (50, 240, 'General project work - Day 8', '2025-07-16T16:06:08.873904', '2025-07-16T20:06:08.873904', '2025-07-23T16:06:08.873923', 19, 1);
INSERT INTO time_entries (id, duration_minutes, description, started_at, ended_at, created_at, task_id, user_id) VALUES (51, 420, 'General project work - Day 9', '2025-07-23T16:06:08.875285', '2025-07-23T23:06:08.875285', '2025-07-23T16:06:08.875316', 32, 1);
INSERT INTO time_entries (id, duration_minutes, description, started_at, ended_at, created_at, task_id, user_id) VALUES (52, 360, 'General project work - Day 10', '2025-07-15T16:06:08.876480', '2025-07-15T22:06:08.876480', '2025-07-23T16:06:08.876499', 16, 1);

-- End of table time_entries

-- Table: user
-- Rows: 1
INSERT INTO user (id) VALUES ('alanmccarthy');

-- End of table user

-- Table: users
-- Rows: 1
INSERT INTO users (id, email, hashed_password, full_name, is_active, created_at, updated_at) VALUES (1, 'test@example.com', 'hashed_password_here', 'Test User', true, '2025-07-23T15:52:21.737276', '2025-07-23T15:52:21.737276');

-- End of table users
